source_system,source_code,target_system,target_code
http://www.nlm.nih.gov/research/umls/rxnorm,69634,http://www.whocc.no/atc,L03AA09
http://www.nlm.nih.gov/research/umls/rxnorm,4099,http://www.whocc.no/atc,G03CA57
http://www.nlm.nih.gov/research/umls/rxnorm,260101,http://www.whocc.no/atc,J05AH02
http://www.nlm.nih.gov/research/umls/rxnorm,20489,http://www.whocc.no/atc,J01DD13
http://www.nlm.nih.gov/research/umls/rxnorm,4109,http://www.whocc.no/atc,C03CC01
http://www.nlm.nih.gov/research/umls/rxnorm,333848,http://www.whocc.no/atc,L01XD01
http://www.nlm.nih.gov/research/umls/rxnorm,4124,http://www.whocc.no/atc,G03CA01
http://www.nlm.nih.gov/research/umls/rxnorm,4124,http://www.whocc.no/atc,L02AA03
http://www.nlm.nih.gov/research/umls/rxnorm,24605,http://www.whocc.no/atc,M01AB08
http://www.nlm.nih.gov/research/umls/rxnorm,4127,http://www.whocc.no/atc,J04AD03
http://www.nlm.nih.gov/research/umls/rxnorm,4135,http://www.whocc.no/atc,N03AD01
http://www.nlm.nih.gov/research/umls/rxnorm,1988648,http://www.whocc.no/atc,J05AX18
http://www.nlm.nih.gov/research/umls/rxnorm,71722,http://www.whocc.no/atc,A06AA02
http://www.nlm.nih.gov/research/umls/rxnorm,44,http://www.whocc.no/atc,R05CB05
http://www.nlm.nih.gov/research/umls/rxnorm,44,http://www.whocc.no/atc,V03AF01
http://www.nlm.nih.gov/research/umls/rxnorm,4141,http://www.whocc.no/atc,N01BX01
http://www.nlm.nih.gov/research/umls/rxnorm,1538097,http://www.whocc.no/atc,L04AG05
http://www.nlm.nih.gov/research/umls/rxnorm,2101,http://www.whocc.no/atc,M03BA02
http://www.nlm.nih.gov/research/umls/rxnorm,2105,http://www.whocc.no/atc,L01AD01
http://www.nlm.nih.gov/research/umls/rxnorm,6218,http://www.whocc.no/atc,A06AD11
http://www.nlm.nih.gov/research/umls/rxnorm,4177,http://www.whocc.no/atc,N01AX07
http://www.nlm.nih.gov/research/umls/rxnorm,1114195,http://www.whocc.no/atc,B01AF01
http://www.nlm.nih.gov/research/umls/rxnorm,4179,http://www.whocc.no/atc,L01CB01
http://www.nlm.nih.gov/research/umls/rxnorm,190548,http://www.whocc.no/atc,J05AE09
http://www.nlm.nih.gov/research/umls/rxnorm,141400,http://www.whocc.no/atc,J05AF08
http://www.nlm.nih.gov/research/umls/rxnorm,475230,http://www.whocc.no/atc,L02BX02
http://www.nlm.nih.gov/research/umls/rxnorm,49247,http://www.whocc.no/atc,C01BD04
http://www.nlm.nih.gov/research/umls/rxnorm,69722,http://www.whocc.no/atc,J05AH01
http://www.nlm.nih.gov/research/umls/rxnorm,99,http://www.whocc.no/atc,B02AA01
http://www.nlm.nih.gov/research/umls/rxnorm,103,http://www.whocc.no/atc,L01BB02
http://www.nlm.nih.gov/research/umls/rxnorm,1919083,http://www.whocc.no/atc,L01EX10
http://www.nlm.nih.gov/research/umls/rxnorm,1484911,http://www.whocc.no/atc,J05AP08
http://www.nlm.nih.gov/research/umls/rxnorm,10355,http://www.whocc.no/atc,N05CD07
http://www.nlm.nih.gov/research/umls/rxnorm,338036,http://www.whocc.no/atc,L03AA13
http://www.nlm.nih.gov/research/umls/rxnorm,8308,http://www.whocc.no/atc,B02BA01
http://www.nlm.nih.gov/research/umls/rxnorm,69749,http://www.whocc.no/atc,C09CA03
http://www.nlm.nih.gov/research/umls/rxnorm,26744,http://www.whocc.no/atc,J06BB04
http://www.nlm.nih.gov/research/umls/rxnorm,352374,http://www.whocc.no/atc,B01AD10
http://www.nlm.nih.gov/research/umls/rxnorm,233603,http://www.whocc.no/atc,C08CA16
http://www.nlm.nih.gov/research/umls/rxnorm,1292422,http://www.whocc.no/atc,J07BK01
http://www.nlm.nih.gov/research/umls/rxnorm,10379,http://www.whocc.no/atc,G03BA03
http://www.nlm.nih.gov/research/umls/rxnorm,8331,http://www.whocc.no/atc,N05AG02
http://www.nlm.nih.gov/research/umls/rxnorm,75917,http://www.whocc.no/atc,L03AB07
http://www.nlm.nih.gov/research/umls/rxnorm,1597582,http://www.whocc.no/atc,L01XK01
http://www.nlm.nih.gov/research/umls/rxnorm,2191,http://www.whocc.no/atc,J01DD02
http://www.nlm.nih.gov/research/umls/rxnorm,8332,http://www.whocc.no/atc,C07AA03
http://www.nlm.nih.gov/research/umls/rxnorm,32915,http://www.whocc.no/atc,H05AA02
http://www.nlm.nih.gov/research/umls/rxnorm,10612,http://www.whocc.no/atc,G01AF21
http://www.nlm.nih.gov/research/umls/rxnorm,10612,http://www.whocc.no/atc,J01XD02
http://www.nlm.nih.gov/research/umls/rxnorm,10612,http://www.whocc.no/atc,P01AB02
http://www.nlm.nih.gov/research/umls/rxnorm,161,http://www.whocc.no/atc,N02BE01
http://www.nlm.nih.gov/research/umls/rxnorm,10402,http://www.whocc.no/atc,A04AD10
http://www.nlm.nih.gov/research/umls/rxnorm,8356,http://www.whocc.no/atc,M01AC01
http://www.nlm.nih.gov/research/umls/rxnorm,8356,http://www.whocc.no/atc,M02AA07
http://www.nlm.nih.gov/research/umls/rxnorm,8356,http://www.whocc.no/atc,S01BC06
http://www.nlm.nih.gov/research/umls/rxnorm,167,http://www.whocc.no/atc,S01EC01
http://www.nlm.nih.gov/research/umls/rxnorm,168,http://www.whocc.no/atc,G01AD02
http://www.nlm.nih.gov/research/umls/rxnorm,168,http://www.whocc.no/atc,S02AA10
http://www.nlm.nih.gov/research/umls/rxnorm,993449,http://www.whocc.no/atc,M05BX04
http://www.nlm.nih.gov/research/umls/rxnorm,979111,http://www.whocc.no/atc,A06AH01
http://www.nlm.nih.gov/research/umls/rxnorm,4278,http://www.whocc.no/atc,A02BA03
http://www.nlm.nih.gov/research/umls/rxnorm,2231,http://www.whocc.no/atc,J01DB01
http://www.nlm.nih.gov/research/umls/rxnorm,10432,http://www.whocc.no/atc,L04AX02
http://www.nlm.nih.gov/research/umls/rxnorm,1595589,http://www.whocc.no/atc,B05XA14
http://www.nlm.nih.gov/research/umls/rxnorm,10438,http://www.whocc.no/atc,R03DA04
http://www.nlm.nih.gov/research/umls/rxnorm,18631,http://www.whocc.no/atc,J01FA10
http://www.nlm.nih.gov/research/umls/rxnorm,18631,http://www.whocc.no/atc,S01AA26
http://www.nlm.nih.gov/research/umls/rxnorm,82122,http://www.whocc.no/atc,J01MA12
http://www.nlm.nih.gov/research/umls/rxnorm,82122,http://www.whocc.no/atc,S01AE05
http://www.nlm.nih.gov/research/umls/rxnorm,197,http://www.whocc.no/atc,R05CB01
http://www.nlm.nih.gov/research/umls/rxnorm,197,http://www.whocc.no/atc,S01XA08
http://www.nlm.nih.gov/research/umls/rxnorm,197,http://www.whocc.no/atc,V03AB23
http://www.nlm.nih.gov/research/umls/rxnorm,475342,http://www.whocc.no/atc,L01EA02
http://www.nlm.nih.gov/research/umls/rxnorm,10454,http://www.whocc.no/atc,A11DA01
http://www.nlm.nih.gov/research/umls/rxnorm,8183,http://www.whocc.no/atc,N03AB02
http://www.nlm.nih.gov/research/umls/rxnorm,461016,http://www.whocc.no/atc,N05CF04
http://www.nlm.nih.gov/research/umls/rxnorm,28889,http://www.whocc.no/atc,R06AX13
http://www.nlm.nih.gov/research/umls/rxnorm,8410,http://www.whocc.no/atc,B01AD02
http://www.nlm.nih.gov/research/umls/rxnorm,8410,http://www.whocc.no/atc,S01XA13
http://www.nlm.nih.gov/research/umls/rxnorm,4316,http://www.whocc.no/atc,C08CA02
http://www.nlm.nih.gov/research/umls/rxnorm,51428,http://www.whocc.no/atc,A10AB05
http://www.nlm.nih.gov/research/umls/rxnorm,51428,http://www.whocc.no/atc,A10AD05
http://www.nlm.nih.gov/research/umls/rxnorm,6373,http://www.whocc.no/atc,G03AC03
http://www.nlm.nih.gov/research/umls/rxnorm,6373,http://www.whocc.no/atc,G03AD01
http://www.nlm.nih.gov/research/umls/rxnorm,358255,http://www.whocc.no/atc,A04AD12
http://www.nlm.nih.gov/research/umls/rxnorm,10473,http://www.whocc.no/atc,L01AC01
http://www.nlm.nih.gov/research/umls/rxnorm,24812,http://www.whocc.no/atc,N03AX10
http://www.nlm.nih.gov/research/umls/rxnorm,596205,http://www.whocc.no/atc,N05CH02
http://www.nlm.nih.gov/research/umls/rxnorm,4337,http://www.whocc.no/atc,N01AH01
http://www.nlm.nih.gov/research/umls/rxnorm,4337,http://www.whocc.no/atc,N02AB03
http://www.nlm.nih.gov/research/umls/rxnorm,6387,http://www.whocc.no/atc,C01BB01
http://www.nlm.nih.gov/research/umls/rxnorm,6387,http://www.whocc.no/atc,C05AD01
http://www.nlm.nih.gov/research/umls/rxnorm,6387,http://www.whocc.no/atc,D04AB01
http://www.nlm.nih.gov/research/umls/rxnorm,6387,http://www.whocc.no/atc,N01BB02
http://www.nlm.nih.gov/research/umls/rxnorm,6387,http://www.whocc.no/atc,R02AD02
http://www.nlm.nih.gov/research/umls/rxnorm,6387,http://www.whocc.no/atc,S01HA07
http://www.nlm.nih.gov/research/umls/rxnorm,6387,http://www.whocc.no/atc,S02DA01
http://www.nlm.nih.gov/research/umls/rxnorm,1294580,http://www.whocc.no/atc,L01FX02
http://www.nlm.nih.gov/research/umls/rxnorm,10485,http://www.whocc.no/atc,L01BB03
http://www.nlm.nih.gov/research/umls/rxnorm,784649,http://www.whocc.no/atc,N05AH05
http://www.nlm.nih.gov/research/umls/rxnorm,1544460,http://www.whocc.no/atc,L01EM01
http://www.nlm.nih.gov/research/umls/rxnorm,10510,http://www.whocc.no/atc,N05AF04
http://www.nlm.nih.gov/research/umls/rxnorm,10637,http://www.whocc.no/atc,D01AE18
http://www.nlm.nih.gov/research/umls/rxnorm,272,http://www.whocc.no/atc,A07BA01
http://www.nlm.nih.gov/research/umls/rxnorm,281,http://www.whocc.no/atc,D06BB03
http://www.nlm.nih.gov/research/umls/rxnorm,281,http://www.whocc.no/atc,J05AB01
http://www.nlm.nih.gov/research/umls/rxnorm,281,http://www.whocc.no/atc,S01AD03
http://www.nlm.nih.gov/research/umls/rxnorm,114970,http://www.whocc.no/atc,R03DC01
http://www.nlm.nih.gov/research/umls/rxnorm,616739,http://www.whocc.no/atc,N04BC09
http://www.nlm.nih.gov/research/umls/rxnorm,296,http://www.whocc.no/atc,C01EB10
http://www.nlm.nih.gov/research/umls/rxnorm,16681,http://www.whocc.no/atc,A10BF01
http://www.nlm.nih.gov/research/umls/rxnorm,2344,http://www.whocc.no/atc,N05CC01
http://www.nlm.nih.gov/research/umls/rxnorm,2346,http://www.whocc.no/atc,L01AA02
http://www.nlm.nih.gov/research/umls/rxnorm,1102129,http://www.whocc.no/atc,J05AP03
http://www.nlm.nih.gov/research/umls/rxnorm,8611,http://www.whocc.no/atc,D08AG02
http://www.nlm.nih.gov/research/umls/rxnorm,8611,http://www.whocc.no/atc,D09AA09
http://www.nlm.nih.gov/research/umls/rxnorm,8611,http://www.whocc.no/atc,D11AC06
http://www.nlm.nih.gov/research/umls/rxnorm,8611,http://www.whocc.no/atc,G01AX11
http://www.nlm.nih.gov/research/umls/rxnorm,8611,http://www.whocc.no/atc,R02AA15
http://www.nlm.nih.gov/research/umls/rxnorm,8611,http://www.whocc.no/atc,S01AX18
http://www.nlm.nih.gov/research/umls/rxnorm,117055,http://www.whocc.no/atc,L04AG06
http://www.nlm.nih.gov/research/umls/rxnorm,194881,http://www.whocc.no/atc,S01EC04
http://www.nlm.nih.gov/research/umls/rxnorm,6470,http://www.whocc.no/atc,N05BA06
http://www.nlm.nih.gov/research/umls/rxnorm,6472,http://www.whocc.no/atc,C10AA02
http://www.nlm.nih.gov/research/umls/rxnorm,24909,http://www.whocc.no/atc,B03AB02
http://www.nlm.nih.gov/research/umls/rxnorm,274771,http://www.whocc.no/atc,L01BB07
http://www.nlm.nih.gov/research/umls/rxnorm,6581,http://www.whocc.no/atc,A02AA04
http://www.nlm.nih.gov/research/umls/rxnorm,6581,http://www.whocc.no/atc,G04BX01
http://www.nlm.nih.gov/research/umls/rxnorm,2396,http://www.whocc.no/atc,C03AA04
http://www.nlm.nih.gov/research/umls/rxnorm,6582,http://www.whocc.no/atc,A02AA02
http://www.nlm.nih.gov/research/umls/rxnorm,6582,http://www.whocc.no/atc,A06AD02
http://www.nlm.nih.gov/research/umls/rxnorm,6582,http://www.whocc.no/atc,A12CC10
http://www.nlm.nih.gov/research/umls/rxnorm,274783,http://www.whocc.no/atc,A10AE04
http://www.nlm.nih.gov/research/umls/rxnorm,342369,http://www.whocc.no/atc,L04AX04
http://www.nlm.nih.gov/research/umls/rxnorm,4450,http://www.whocc.no/atc,D01AC15
http://www.nlm.nih.gov/research/umls/rxnorm,4450,http://www.whocc.no/atc,J02AC01
http://www.nlm.nih.gov/research/umls/rxnorm,4451,http://www.whocc.no/atc,D01AE21
http://www.nlm.nih.gov/research/umls/rxnorm,4451,http://www.whocc.no/atc,J02AX01
http://www.nlm.nih.gov/research/umls/rxnorm,121191,http://www.whocc.no/atc,L01FA01
http://www.nlm.nih.gov/research/umls/rxnorm,10600,http://www.whocc.no/atc,C07AA06
http://www.nlm.nih.gov/research/umls/rxnorm,10600,http://www.whocc.no/atc,S01ED01
http://www.nlm.nih.gov/research/umls/rxnorm,4457,http://www.whocc.no/atc,V03AB25
http://www.nlm.nih.gov/research/umls/rxnorm,393575,http://www.whocc.no/atc,R03BB04
http://www.nlm.nih.gov/research/umls/rxnorm,24942,http://www.whocc.no/atc,B03AA03
http://www.nlm.nih.gov/research/umls/rxnorm,4462,http://www.whocc.no/atc,C05AA11
http://www.nlm.nih.gov/research/umls/rxnorm,4462,http://www.whocc.no/atc,D07AC08
http://www.nlm.nih.gov/research/umls/rxnorm,24941,http://www.whocc.no/atc,B03AA02
http://www.nlm.nih.gov/research/umls/rxnorm,2418,http://www.whocc.no/atc,A11CC05
http://www.nlm.nih.gov/research/umls/rxnorm,24947,http://www.whocc.no/atc,B03AA07
http://www.nlm.nih.gov/research/umls/rxnorm,59763,http://www.whocc.no/atc,J05AF04
http://www.nlm.nih.gov/research/umls/rxnorm,29046,http://www.whocc.no/atc,C09AA03
http://www.nlm.nih.gov/research/umls/rxnorm,55672,http://www.whocc.no/atc,J04AB04
http://www.nlm.nih.gov/research/umls/rxnorm,10627,http://www.whocc.no/atc,J01GB01
http://www.nlm.nih.gov/research/umls/rxnorm,10627,http://www.whocc.no/atc,S01AA12
http://www.nlm.nih.gov/research/umls/rxnorm,657797,http://www.whocc.no/atc,L01EG01
http://www.nlm.nih.gov/research/umls/rxnorm,141704,http://www.whocc.no/atc,L01EG02
http://www.nlm.nih.gov/research/umls/rxnorm,141704,http://www.whocc.no/atc,L04AH02
http://www.nlm.nih.gov/research/umls/rxnorm,4492,http://www.whocc.no/atc,L01BC02
http://www.nlm.nih.gov/research/umls/rxnorm,4491,http://www.whocc.no/atc,C05AA06
http://www.nlm.nih.gov/research/umls/rxnorm,4491,http://www.whocc.no/atc,D07AB06
http://www.nlm.nih.gov/research/umls/rxnorm,4491,http://www.whocc.no/atc,D07XB04
http://www.nlm.nih.gov/research/umls/rxnorm,4491,http://www.whocc.no/atc,D10AA01
http://www.nlm.nih.gov/research/umls/rxnorm,4491,http://www.whocc.no/atc,S01BA07
http://www.nlm.nih.gov/research/umls/rxnorm,4491,http://www.whocc.no/atc,S01CB05
http://www.nlm.nih.gov/research/umls/rxnorm,8591,http://www.whocc.no/atc,A12BA01
http://www.nlm.nih.gov/research/umls/rxnorm,8591,http://www.whocc.no/atc,B05XA01
http://www.nlm.nih.gov/research/umls/rxnorm,2447,http://www.whocc.no/atc,C10AC01
http://www.nlm.nih.gov/research/umls/rxnorm,8597,http://www.whocc.no/atc,R05CA02
http://www.nlm.nih.gov/research/umls/rxnorm,8597,http://www.whocc.no/atc,S01XA04
http://www.nlm.nih.gov/research/umls/rxnorm,8597,http://www.whocc.no/atc,V03AB21
http://www.nlm.nih.gov/research/umls/rxnorm,84375,http://www.whocc.no/atc,L03AX13
http://www.nlm.nih.gov/research/umls/rxnorm,53654,http://www.whocc.no/atc,J05AG01
http://www.nlm.nih.gov/research/umls/rxnorm,121243,http://www.whocc.no/atc,J02AC03
http://www.nlm.nih.gov/research/umls/rxnorm,4508,http://www.whocc.no/atc,L02BB01
http://www.nlm.nih.gov/research/umls/rxnorm,4511,http://www.whocc.no/atc,B03BB01
http://www.nlm.nih.gov/research/umls/rxnorm,4511,http://www.whocc.no/atc,V04CX02
http://www.nlm.nih.gov/research/umls/rxnorm,430,http://www.whocc.no/atc,P02CA03
http://www.nlm.nih.gov/research/umls/rxnorm,33199,http://www.whocc.no/atc,P03AC04
http://www.nlm.nih.gov/research/umls/rxnorm,16818,http://www.whocc.no/atc,D05BB02
http://www.nlm.nih.gov/research/umls/rxnorm,8628,http://www.whocc.no/atc,P02BA01
http://www.nlm.nih.gov/research/umls/rxnorm,6585,http://www.whocc.no/atc,A06AD04
http://www.nlm.nih.gov/research/umls/rxnorm,6585,http://www.whocc.no/atc,A12CC02
http://www.nlm.nih.gov/research/umls/rxnorm,6585,http://www.whocc.no/atc,B05XA05
http://www.nlm.nih.gov/research/umls/rxnorm,6585,http://www.whocc.no/atc,D11AX05
http://www.nlm.nih.gov/research/umls/rxnorm,6585,http://www.whocc.no/atc,V04CC02
http://www.nlm.nih.gov/research/umls/rxnorm,1597876,http://www.whocc.no/atc,L01FF01
http://www.nlm.nih.gov/research/umls/rxnorm,1147320,http://www.whocc.no/atc,L01FX05
http://www.nlm.nih.gov/research/umls/rxnorm,623033,http://www.whocc.no/atc,A06AX03
http://www.nlm.nih.gov/research/umls/rxnorm,258494,http://www.whocc.no/atc,L02BG06
http://www.nlm.nih.gov/research/umls/rxnorm,8640,http://www.whocc.no/atc,A07EA03
http://www.nlm.nih.gov/research/umls/rxnorm,8640,http://www.whocc.no/atc,H02AB07
http://www.nlm.nih.gov/research/umls/rxnorm,25025,http://www.whocc.no/atc,D11AX10
http://www.nlm.nih.gov/research/umls/rxnorm,25025,http://www.whocc.no/atc,G04CB01
http://www.nlm.nih.gov/research/umls/rxnorm,10691,http://www.whocc.no/atc,B02AA02
http://www.nlm.nih.gov/research/umls/rxnorm,448,http://www.whocc.no/atc,D08AX08
http://www.nlm.nih.gov/research/umls/rxnorm,448,http://www.whocc.no/atc,V03AB16
http://www.nlm.nih.gov/research/umls/rxnorm,448,http://www.whocc.no/atc,V03AZ01
http://www.nlm.nih.gov/research/umls/rxnorm,8638,http://www.whocc.no/atc,A01AC04
http://www.nlm.nih.gov/research/umls/rxnorm,8638,http://www.whocc.no/atc,A07EA01
http://www.nlm.nih.gov/research/umls/rxnorm,8638,http://www.whocc.no/atc,C05AA04
http://www.nlm.nih.gov/research/umls/rxnorm,8638,http://www.whocc.no/atc,D07AA03
http://www.nlm.nih.gov/research/umls/rxnorm,8638,http://www.whocc.no/atc,D07XA02
http://www.nlm.nih.gov/research/umls/rxnorm,8638,http://www.whocc.no/atc,H02AB06
http://www.nlm.nih.gov/research/umls/rxnorm,8638,http://www.whocc.no/atc,R01AD02
http://www.nlm.nih.gov/research/umls/rxnorm,8638,http://www.whocc.no/atc,S01BA04
http://www.nlm.nih.gov/research/umls/rxnorm,8638,http://www.whocc.no/atc,S01CB02
http://www.nlm.nih.gov/research/umls/rxnorm,8638,http://www.whocc.no/atc,S02BA03
http://www.nlm.nih.gov/research/umls/rxnorm,8638,http://www.whocc.no/atc,S03BA02
http://www.nlm.nih.gov/research/umls/rxnorm,203212,http://www.whocc.no/atc,R01AX03
http://www.nlm.nih.gov/research/umls/rxnorm,203212,http://www.whocc.no/atc,R03BB01
http://www.nlm.nih.gov/research/umls/rxnorm,27085,http://www.whocc.no/atc,A03BB06
http://www.nlm.nih.gov/research/umls/rxnorm,1364430,http://www.whocc.no/atc,B01AF02
http://www.nlm.nih.gov/research/umls/rxnorm,354770,http://www.whocc.no/atc,L04AG03
http://www.nlm.nih.gov/research/umls/rxnorm,1116632,http://www.whocc.no/atc,B01AC24
http://www.nlm.nih.gov/research/umls/rxnorm,39385,http://www.whocc.no/atc,J06BB03
http://www.nlm.nih.gov/research/umls/rxnorm,47579,http://www.whocc.no/atc,G02CB03
http://www.nlm.nih.gov/research/umls/rxnorm,47579,http://www.whocc.no/atc,N04BC06
http://www.nlm.nih.gov/research/umls/rxnorm,27100,http://www.whocc.no/atc,L01XX40
http://www.nlm.nih.gov/research/umls/rxnorm,35296,http://www.whocc.no/atc,C09AA05
http://www.nlm.nih.gov/research/umls/rxnorm,6628,http://www.whocc.no/atc,A06AD16
http://www.nlm.nih.gov/research/umls/rxnorm,6628,http://www.whocc.no/atc,B05BC01
http://www.nlm.nih.gov/research/umls/rxnorm,6628,http://www.whocc.no/atc,B05CX04
http://www.nlm.nih.gov/research/umls/rxnorm,6628,http://www.whocc.no/atc,R05CB16
http://www.nlm.nih.gov/research/umls/rxnorm,6628,http://www.whocc.no/atc,V04CX04
http://www.nlm.nih.gov/research/umls/rxnorm,35302,http://www.whocc.no/atc,L01EG04
http://www.nlm.nih.gov/research/umls/rxnorm,35302,http://www.whocc.no/atc,L04AH01
http://www.nlm.nih.gov/research/umls/rxnorm,35302,http://www.whocc.no/atc,S01XA23
http://www.nlm.nih.gov/research/umls/rxnorm,2541,http://www.whocc.no/atc,A02BA01
http://www.nlm.nih.gov/research/umls/rxnorm,20974,http://www.whocc.no/atc,N02BA03
http://www.nlm.nih.gov/research/umls/rxnorm,8691,http://www.whocc.no/atc,N03AA03
http://www.nlm.nih.gov/research/umls/rxnorm,2551,http://www.whocc.no/atc,J01MA02
http://www.nlm.nih.gov/research/umls/rxnorm,2551,http://www.whocc.no/atc,S01AE03
http://www.nlm.nih.gov/research/umls/rxnorm,2551,http://www.whocc.no/atc,S02AA15
http://www.nlm.nih.gov/research/umls/rxnorm,2551,http://www.whocc.no/atc,S03AA07
http://www.nlm.nih.gov/research/umls/rxnorm,8698,http://www.whocc.no/atc,M04AB01
http://www.nlm.nih.gov/research/umls/rxnorm,4603,http://www.whocc.no/atc,C03CA01
http://www.nlm.nih.gov/research/umls/rxnorm,2555,http://www.whocc.no/atc,L01XA01
http://www.nlm.nih.gov/research/umls/rxnorm,47613,http://www.whocc.no/atc,A12AA13
http://www.nlm.nih.gov/research/umls/rxnorm,8703,http://www.whocc.no/atc,C10AB05
http://www.nlm.nih.gov/research/umls/rxnorm,1298944,http://www.whocc.no/atc,L01FD02
http://www.nlm.nih.gov/research/umls/rxnorm,10753,http://www.whocc.no/atc,D10AD01
http://www.nlm.nih.gov/research/umls/rxnorm,10753,http://www.whocc.no/atc,L01XF01
http://www.nlm.nih.gov/research/umls/rxnorm,68099,http://www.whocc.no/atc,J05AB09
http://www.nlm.nih.gov/research/umls/rxnorm,68099,http://www.whocc.no/atc,S01AD07
http://www.nlm.nih.gov/research/umls/rxnorm,662019,http://www.whocc.no/atc,L01BA05
http://www.nlm.nih.gov/research/umls/rxnorm,612865,http://www.whocc.no/atc,L04AC07
http://www.nlm.nih.gov/research/umls/rxnorm,519,http://www.whocc.no/atc,M04AA01
http://www.nlm.nih.gov/research/umls/rxnorm,23043,http://www.whocc.no/atc,D07AC19
http://www.nlm.nih.gov/research/umls/rxnorm,23043,http://www.whocc.no/atc,S01BA16
http://www.nlm.nih.gov/research/umls/rxnorm,33290,http://www.whocc.no/atc,C05BB05
http://www.nlm.nih.gov/research/umls/rxnorm,33290,http://www.whocc.no/atc,D08AE03
http://www.nlm.nih.gov/research/umls/rxnorm,33290,http://www.whocc.no/atc,N01BX03
http://www.nlm.nih.gov/research/umls/rxnorm,33290,http://www.whocc.no/atc,R02AA19
http://www.nlm.nih.gov/research/umls/rxnorm,10763,http://www.whocc.no/atc,C03DB02
http://www.nlm.nih.gov/research/umls/rxnorm,195085,http://www.whocc.no/atc,J05AG03
http://www.nlm.nih.gov/research/umls/rxnorm,10767,http://www.whocc.no/atc,N05CD05
http://www.nlm.nih.gov/research/umls/rxnorm,6672,http://www.whocc.no/atc,P02CA01
http://www.nlm.nih.gov/research/umls/rxnorm,41493,http://www.whocc.no/atc,M01AC06
http://www.nlm.nih.gov/research/umls/rxnorm,8727,http://www.whocc.no/atc,G03DA04
http://www.nlm.nih.gov/research/umls/rxnorm,25120,http://www.whocc.no/atc,R01AD04
http://www.nlm.nih.gov/research/umls/rxnorm,25120,http://www.whocc.no/atc,R03BA03
http://www.nlm.nih.gov/research/umls/rxnorm,27169,http://www.whocc.no/atc,L04AK01
http://www.nlm.nih.gov/research/umls/rxnorm,107044,http://www.whocc.no/atc,L04AA04
http://www.nlm.nih.gov/research/umls/rxnorm,115238,http://www.whocc.no/atc,A01AD08
http://www.nlm.nih.gov/research/umls/rxnorm,115238,http://www.whocc.no/atc,D03AX06
http://www.nlm.nih.gov/research/umls/rxnorm,2599,http://www.whocc.no/atc,C02AC01
http://www.nlm.nih.gov/research/umls/rxnorm,2599,http://www.whocc.no/atc,N02CX02
http://www.nlm.nih.gov/research/umls/rxnorm,2599,http://www.whocc.no/atc,S01EA04
http://www.nlm.nih.gov/research/umls/rxnorm,59943,http://www.whocc.no/atc,D06BB10
http://www.nlm.nih.gov/research/umls/rxnorm,2598,http://www.whocc.no/atc,N03AE01
http://www.nlm.nih.gov/research/umls/rxnorm,2607,http://www.whocc.no/atc,N05BA05
http://www.nlm.nih.gov/research/umls/rxnorm,18993,http://www.whocc.no/atc,R05DB01
http://www.nlm.nih.gov/research/umls/rxnorm,10803,http://www.whocc.no/atc,S01AD02
http://www.nlm.nih.gov/research/umls/rxnorm,139825,http://www.whocc.no/atc,A10AE05
http://www.nlm.nih.gov/research/umls/rxnorm,225852,http://www.whocc.no/atc,V03AF03
http://www.nlm.nih.gov/research/umls/rxnorm,6718,http://www.whocc.no/atc,L01AA03
http://www.nlm.nih.gov/research/umls/rxnorm,2623,http://www.whocc.no/atc,A01AB18
http://www.nlm.nih.gov/research/umls/rxnorm,2623,http://www.whocc.no/atc,D01AC01
http://www.nlm.nih.gov/research/umls/rxnorm,2623,http://www.whocc.no/atc,G01AF02
http://www.nlm.nih.gov/research/umls/rxnorm,2626,http://www.whocc.no/atc,N05AH02
http://www.nlm.nih.gov/research/umls/rxnorm,4678,http://www.whocc.no/atc,J05AB06
http://www.nlm.nih.gov/research/umls/rxnorm,4678,http://www.whocc.no/atc,S01AD09
http://www.nlm.nih.gov/research/umls/rxnorm,10824,http://www.whocc.no/atc,S01ED04
http://www.nlm.nih.gov/research/umls/rxnorm,1667655,http://www.whocc.no/atc,N05AX15
http://www.nlm.nih.gov/research/umls/rxnorm,805452,http://www.whocc.no/atc,B02BX04
http://www.nlm.nih.gov/research/umls/rxnorm,10829,http://www.whocc.no/atc,J01EA01
http://www.nlm.nih.gov/research/umls/rxnorm,8782,http://www.whocc.no/atc,N01AX10
http://www.nlm.nih.gov/research/umls/rxnorm,70223,http://www.whocc.no/atc,L03AC01
http://www.nlm.nih.gov/research/umls/rxnorm,596,http://www.whocc.no/atc,N05BA12
http://www.nlm.nih.gov/research/umls/rxnorm,598,http://www.whocc.no/atc,C01EA01
http://www.nlm.nih.gov/research/umls/rxnorm,598,http://www.whocc.no/atc,G04BE01
http://www.nlm.nih.gov/research/umls/rxnorm,8794,http://www.whocc.no/atc,H03BA02
http://www.nlm.nih.gov/research/umls/rxnorm,43611,http://www.whocc.no/atc,S01EE01
http://www.nlm.nih.gov/research/umls/rxnorm,612,http://www.whocc.no/atc,A02AB01
http://www.nlm.nih.gov/research/umls/rxnorm,1747556,http://www.whocc.no/atc,L01XX52
http://www.nlm.nih.gov/research/umls/rxnorm,6758,http://www.whocc.no/atc,N03AA01
http://www.nlm.nih.gov/research/umls/rxnorm,6760,http://www.whocc.no/atc,N05BC01
http://www.nlm.nih.gov/research/umls/rxnorm,4719,http://www.whocc.no/atc,C10AB04
http://www.nlm.nih.gov/research/umls/rxnorm,10865,http://www.whocc.no/atc,B05BB03
http://www.nlm.nih.gov/research/umls/rxnorm,10865,http://www.whocc.no/atc,B05XX02
http://www.nlm.nih.gov/research/umls/rxnorm,21107,http://www.whocc.no/atc,B01AC23
http://www.nlm.nih.gov/research/umls/rxnorm,10869,http://www.whocc.no/atc,S01FA06
http://www.nlm.nih.gov/research/umls/rxnorm,139896,http://www.whocc.no/atc,J05AX07
http://www.nlm.nih.gov/research/umls/rxnorm,632,http://www.whocc.no/atc,L01DC03
http://www.nlm.nih.gov/research/umls/rxnorm,2683,http://www.whocc.no/atc,M04AC01
http://www.nlm.nih.gov/research/umls/rxnorm,400008,http://www.whocc.no/atc,A10AB06
http://www.nlm.nih.gov/research/umls/rxnorm,68244,http://www.whocc.no/atc,J05AF05
http://www.nlm.nih.gov/research/umls/rxnorm,2709,http://www.whocc.no/atc,A07AA10
http://www.nlm.nih.gov/research/umls/rxnorm,2709,http://www.whocc.no/atc,J01XB01
http://www.nlm.nih.gov/research/umls/rxnorm,709271,http://www.whocc.no/atc,L04AB05
http://www.nlm.nih.gov/research/umls/rxnorm,1307298,http://www.whocc.no/atc,L02BB04
http://www.nlm.nih.gov/research/umls/rxnorm,6826,http://www.whocc.no/atc,S01EC05
http://www.nlm.nih.gov/research/umls/rxnorm,689,http://www.whocc.no/atc,R03DA05
http://www.nlm.nih.gov/research/umls/rxnorm,6835,http://www.whocc.no/atc,H03BB02
http://www.nlm.nih.gov/research/umls/rxnorm,29365,http://www.whocc.no/atc,D05AX02
http://www.nlm.nih.gov/research/umls/rxnorm,6845,http://www.whocc.no/atc,M03BA03
http://www.nlm.nih.gov/research/umls/rxnorm,21183,http://www.whocc.no/atc,A09AB04
http://www.nlm.nih.gov/research/umls/rxnorm,27334,http://www.whocc.no/atc,S01KA02
http://www.nlm.nih.gov/research/umls/rxnorm,4815,http://www.whocc.no/atc,A10BB01
http://www.nlm.nih.gov/research/umls/rxnorm,722,http://www.whocc.no/atc,N06AA17
http://www.nlm.nih.gov/research/umls/rxnorm,723,http://www.whocc.no/atc,J01CA04
http://www.nlm.nih.gov/research/umls/rxnorm,614391,http://www.whocc.no/atc,L04AA24
http://www.nlm.nih.gov/research/umls/rxnorm,4821,http://www.whocc.no/atc,A10BB07
http://www.nlm.nih.gov/research/umls/rxnorm,31448,http://www.whocc.no/atc,M01AX01
http://www.nlm.nih.gov/research/umls/rxnorm,139994,http://www.whocc.no/atc,L03AC02
http://www.nlm.nih.gov/research/umls/rxnorm,732,http://www.whocc.no/atc,A01AB04
http://www.nlm.nih.gov/research/umls/rxnorm,732,http://www.whocc.no/atc,A07AA07
http://www.nlm.nih.gov/research/umls/rxnorm,732,http://www.whocc.no/atc,G01AA03
http://www.nlm.nih.gov/research/umls/rxnorm,732,http://www.whocc.no/atc,J02AA01
http://www.nlm.nih.gov/research/umls/rxnorm,733,http://www.whocc.no/atc,J01CA01
http://www.nlm.nih.gov/research/umls/rxnorm,733,http://www.whocc.no/atc,S01AA19
http://www.nlm.nih.gov/research/umls/rxnorm,21212,http://www.whocc.no/atc,J01FA09
http://www.nlm.nih.gov/research/umls/rxnorm,6878,http://www.whocc.no/atc,V03AB17
http://www.nlm.nih.gov/research/umls/rxnorm,6878,http://www.whocc.no/atc,V04CG05
http://www.nlm.nih.gov/research/umls/rxnorm,4832,http://www.whocc.no/atc,H04AA01
http://www.nlm.nih.gov/research/umls/rxnorm,6876,http://www.whocc.no/atc,C02AB01
http://www.nlm.nih.gov/research/umls/rxnorm,17128,http://www.whocc.no/atc,A02BC03
http://www.nlm.nih.gov/research/umls/rxnorm,4850,http://www.whocc.no/atc,B05CX01
http://www.nlm.nih.gov/research/umls/rxnorm,4850,http://www.whocc.no/atc,V04CA02
http://www.nlm.nih.gov/research/umls/rxnorm,4850,http://www.whocc.no/atc,V06DC01
http://www.nlm.nih.gov/research/umls/rxnorm,72435,http://www.whocc.no/atc,L04AC03
http://www.nlm.nih.gov/research/umls/rxnorm,47858,http://www.whocc.no/atc,N03AD03
http://www.nlm.nih.gov/research/umls/rxnorm,6902,http://www.whocc.no/atc,D07AA01
http://www.nlm.nih.gov/research/umls/rxnorm,6902,http://www.whocc.no/atc,D10AA02
http://www.nlm.nih.gov/research/umls/rxnorm,6902,http://www.whocc.no/atc,H02AB04
http://www.nlm.nih.gov/research/umls/rxnorm,21241,http://www.whocc.no/atc,N05BA09
http://www.nlm.nih.gov/research/umls/rxnorm,11002,http://www.whocc.no/atc,B05BC02
http://www.nlm.nih.gov/research/umls/rxnorm,11002,http://www.whocc.no/atc,D02AE01
http://www.nlm.nih.gov/research/umls/rxnorm,6916,http://www.whocc.no/atc,C03BA08
http://www.nlm.nih.gov/research/umls/rxnorm,1356552,http://www.whocc.no/atc,N03AX22
http://www.nlm.nih.gov/research/umls/rxnorm,1792776,http://www.whocc.no/atc,L01FF05
http://www.nlm.nih.gov/research/umls/rxnorm,6922,http://www.whocc.no/atc,A01AB17
http://www.nlm.nih.gov/research/umls/rxnorm,6922,http://www.whocc.no/atc,D06BX01
http://www.nlm.nih.gov/research/umls/rxnorm,6922,http://www.whocc.no/atc,G01AF01
http://www.nlm.nih.gov/research/umls/rxnorm,6922,http://www.whocc.no/atc,J01XD01
http://www.nlm.nih.gov/research/umls/rxnorm,6922,http://www.whocc.no/atc,P01AB01
http://www.nlm.nih.gov/research/umls/rxnorm,1307404,http://www.whocc.no/atc,A06AX04
http://www.nlm.nih.gov/research/umls/rxnorm,6923,http://www.whocc.no/atc,V04CD01
http://www.nlm.nih.gov/research/umls/rxnorm,8704,http://www.whocc.no/atc,N05AB04
http://www.nlm.nih.gov/research/umls/rxnorm,4885,http://www.whocc.no/atc,A16AA03
http://www.nlm.nih.gov/research/umls/rxnorm,8987,http://www.whocc.no/atc,J04AK01
http://www.nlm.nih.gov/research/umls/rxnorm,35619,http://www.whocc.no/atc,A07AA11
http://www.nlm.nih.gov/research/umls/rxnorm,35619,http://www.whocc.no/atc,D06AX11
http://www.nlm.nih.gov/research/umls/rxnorm,35623,http://www.whocc.no/atc,N07XX02
http://www.nlm.nih.gov/research/umls/rxnorm,623400,http://www.whocc.no/atc,N03AX18
http://www.nlm.nih.gov/research/umls/rxnorm,4910,http://www.whocc.no/atc,A06AG04
http://www.nlm.nih.gov/research/umls/rxnorm,4910,http://www.whocc.no/atc,A06AX01
http://www.nlm.nih.gov/research/umls/rxnorm,9010,http://www.whocc.no/atc,P01BD01
http://www.nlm.nih.gov/research/umls/rxnorm,35636,http://www.whocc.no/atc,N05AX08
http://www.nlm.nih.gov/research/umls/rxnorm,4917,http://www.whocc.no/atc,C01DA02
http://www.nlm.nih.gov/research/umls/rxnorm,4917,http://www.whocc.no/atc,C05AE01
http://www.nlm.nih.gov/research/umls/rxnorm,60212,http://www.whocc.no/atc,P01AX06
http://www.nlm.nih.gov/research/umls/rxnorm,11065,http://www.whocc.no/atc,A05AA02
http://www.nlm.nih.gov/research/umls/rxnorm,6972,http://www.whocc.no/atc,A06AA01
http://www.nlm.nih.gov/research/umls/rxnorm,475968,http://www.whocc.no/atc,A10BJ02
http://www.nlm.nih.gov/research/umls/rxnorm,475969,http://www.whocc.no/atc,J05AG04
http://www.nlm.nih.gov/research/umls/rxnorm,1987398,http://www.whocc.no/atc,L01XL03
http://www.nlm.nih.gov/research/umls/rxnorm,6984,http://www.whocc.no/atc,C02DC01
http://www.nlm.nih.gov/research/umls/rxnorm,6984,http://www.whocc.no/atc,D11AX01
http://www.nlm.nih.gov/research/umls/rxnorm,4952,http://www.whocc.no/atc,H01AB01
http://www.nlm.nih.gov/research/umls/rxnorm,68442,http://www.whocc.no/atc,L03AA02
http://www.nlm.nih.gov/research/umls/rxnorm,15202,http://www.whocc.no/atc,B01AE03
http://www.nlm.nih.gov/research/umls/rxnorm,11118,http://www.whocc.no/atc,N03AG01
http://www.nlm.nih.gov/research/umls/rxnorm,734064,http://www.whocc.no/atc,N06AX23
http://www.nlm.nih.gov/research/umls/rxnorm,1670007,http://www.whocc.no/atc,A10AE06
http://www.nlm.nih.gov/research/umls/rxnorm,84857,http://www.whocc.no/atc,L02BG03
http://www.nlm.nih.gov/research/umls/rxnorm,29561,http://www.whocc.no/atc,J01DH02
http://www.nlm.nih.gov/research/umls/rxnorm,15226,http://www.whocc.no/atc,V03AB34
http://www.nlm.nih.gov/research/umls/rxnorm,263034,http://www.whocc.no/atc,L01FE02
http://www.nlm.nih.gov/research/umls/rxnorm,318341,http://www.whocc.no/atc,L01FE01
http://www.nlm.nih.gov/research/umls/rxnorm,25480,http://www.whocc.no/atc,N02BF01
http://www.nlm.nih.gov/research/umls/rxnorm,809864,http://www.whocc.no/atc,B06AC01
http://www.nlm.nih.gov/research/umls/rxnorm,1112973,http://www.whocc.no/atc,L04AA28
http://www.nlm.nih.gov/research/umls/rxnorm,37776,http://www.whocc.no/atc,L01AX03
http://www.nlm.nih.gov/research/umls/rxnorm,60307,http://www.whocc.no/atc,N04BX02
http://www.nlm.nih.gov/research/umls/rxnorm,5011,http://www.whocc.no/atc,R02AB30
http://www.nlm.nih.gov/research/umls/rxnorm,5032,http://www.whocc.no/atc,R05CA03
http://www.nlm.nih.gov/research/umls/rxnorm,74667,http://www.whocc.no/atc,N05CF03
http://www.nlm.nih.gov/research/umls/rxnorm,37806,http://www.whocc.no/atc,G01AG02
http://www.nlm.nih.gov/research/umls/rxnorm,234416,http://www.whocc.no/atc,V03AE03
http://www.nlm.nih.gov/research/umls/rxnorm,89013,http://www.whocc.no/atc,N05AX12
http://www.nlm.nih.gov/research/umls/rxnorm,3002,http://www.whocc.no/atc,L01AA01
http://www.nlm.nih.gov/research/umls/rxnorm,3008,http://www.whocc.no/atc,L04AD01
http://www.nlm.nih.gov/research/umls/rxnorm,3008,http://www.whocc.no/atc,S01XA18
http://www.nlm.nih.gov/research/umls/rxnorm,1592254,http://www.whocc.no/atc,L04AX05
http://www.nlm.nih.gov/research/umls/rxnorm,3007,http://www.whocc.no/atc,J04AB01
http://www.nlm.nih.gov/research/umls/rxnorm,877510,http://www.whocc.no/atc,L01XH02
http://www.nlm.nih.gov/research/umls/rxnorm,119771,http://www.whocc.no/atc,J01DH04
http://www.nlm.nih.gov/research/umls/rxnorm,5084,http://www.whocc.no/atc,D07AD02
http://www.nlm.nih.gov/research/umls/rxnorm,84959,http://www.whocc.no/atc,A16AB02
http://www.nlm.nih.gov/research/umls/rxnorm,1739745,http://www.whocc.no/atc,N03AX23
http://www.nlm.nih.gov/research/umls/rxnorm,3041,http://www.whocc.no/atc,L01BC01
http://www.nlm.nih.gov/research/umls/rxnorm,5093,http://www.whocc.no/atc,N05AD01
http://www.nlm.nih.gov/research/umls/rxnorm,11246,http://www.whocc.no/atc,A11CA01
http://www.nlm.nih.gov/research/umls/rxnorm,11246,http://www.whocc.no/atc,D10AD02
http://www.nlm.nih.gov/research/umls/rxnorm,11246,http://www.whocc.no/atc,R01AX02
http://www.nlm.nih.gov/research/umls/rxnorm,11246,http://www.whocc.no/atc,S01XA02
http://www.nlm.nih.gov/research/umls/rxnorm,11248,http://www.whocc.no/atc,B03BA01
http://www.nlm.nih.gov/research/umls/rxnorm,35829,http://www.whocc.no/atc,C01EB18
http://www.nlm.nih.gov/research/umls/rxnorm,11256,http://www.whocc.no/atc,A11HA03
http://www.nlm.nih.gov/research/umls/rxnorm,39937,http://www.whocc.no/atc,B05XA12
http://www.nlm.nih.gov/research/umls/rxnorm,343048,http://www.whocc.no/atc,B01AC21
http://www.nlm.nih.gov/research/umls/rxnorm,1242127,http://www.whocc.no/atc,V03AF09
http://www.nlm.nih.gov/research/umls/rxnorm,39954,http://www.whocc.no/atc,A12CB01
http://www.nlm.nih.gov/research/umls/rxnorm,39954,http://www.whocc.no/atc,B05XA18
http://www.nlm.nih.gov/research/umls/rxnorm,3098,http://www.whocc.no/atc,L01AX04
http://www.nlm.nih.gov/research/umls/rxnorm,3100,http://www.whocc.no/atc,L01DA01
http://www.nlm.nih.gov/research/umls/rxnorm,3102,http://www.whocc.no/atc,G03XA01
http://www.nlm.nih.gov/research/umls/rxnorm,3108,http://www.whocc.no/atc,D10AX05
http://www.nlm.nih.gov/research/umls/rxnorm,3108,http://www.whocc.no/atc,J04BA02
http://www.nlm.nih.gov/research/umls/rxnorm,9260,http://www.whocc.no/atc,C02AA02
http://www.nlm.nih.gov/research/umls/rxnorm,5175,http://www.whocc.no/atc,B06AB01
http://www.nlm.nih.gov/research/umls/rxnorm,7226,http://www.whocc.no/atc,C07AA12
http://www.nlm.nih.gov/research/umls/rxnorm,39998,http://www.whocc.no/atc,N03AX15
http://www.nlm.nih.gov/research/umls/rxnorm,1111103,http://www.whocc.no/atc,A07AA12
http://www.nlm.nih.gov/research/umls/rxnorm,83008,http://www.whocc.no/atc,L02BB03
http://www.nlm.nih.gov/research/umls/rxnorm,7243,http://www.whocc.no/atc,N07BB04
http://www.nlm.nih.gov/research/umls/rxnorm,31819,http://www.whocc.no/atc,P01AX11
http://www.nlm.nih.gov/research/umls/rxnorm,183379,http://www.whocc.no/atc,N06DA03
http://www.nlm.nih.gov/research/umls/rxnorm,7258,http://www.whocc.no/atc,G02CC02
http://www.nlm.nih.gov/research/umls/rxnorm,7258,http://www.whocc.no/atc,M01AE02
http://www.nlm.nih.gov/research/umls/rxnorm,7258,http://www.whocc.no/atc,M02AA12
http://www.nlm.nih.gov/research/umls/rxnorm,306266,http://www.whocc.no/atc,J05AF10
http://www.nlm.nih.gov/research/umls/rxnorm,40048,http://www.whocc.no/atc,L01XA02
http://www.nlm.nih.gov/research/umls/rxnorm,142448,http://www.whocc.no/atc,H03AA02
http://www.nlm.nih.gov/research/umls/rxnorm,33910,http://www.whocc.no/atc,C08CA03
http://www.nlm.nih.gov/research/umls/rxnorm,44151,http://www.whocc.no/atc,L01BB06
http://www.nlm.nih.gov/research/umls/rxnorm,56443,http://www.whocc.no/atc,B05XA08
http://www.nlm.nih.gov/research/umls/rxnorm,228476,http://www.whocc.no/atc,J01MA16
http://www.nlm.nih.gov/research/umls/rxnorm,228476,http://www.whocc.no/atc,S01AE06
http://www.nlm.nih.gov/research/umls/rxnorm,44157,http://www.whocc.no/atc,L01BB04
http://www.nlm.nih.gov/research/umls/rxnorm,44157,http://www.whocc.no/atc,L04AA40
http://www.nlm.nih.gov/research/umls/rxnorm,1151,http://www.whocc.no/atc,A11GA01
http://www.nlm.nih.gov/research/umls/rxnorm,1151,http://www.whocc.no/atc,G01AD03
http://www.nlm.nih.gov/research/umls/rxnorm,1151,http://www.whocc.no/atc,S01XA15
http://www.nlm.nih.gov/research/umls/rxnorm,9344,http://www.whocc.no/atc,J05AP01
http://www.nlm.nih.gov/research/umls/rxnorm,9346,http://www.whocc.no/atc,A11HA04
http://www.nlm.nih.gov/research/umls/rxnorm,9346,http://www.whocc.no/atc,S01XA26
http://www.nlm.nih.gov/research/umls/rxnorm,52356,http://www.whocc.no/atc,A06AD19
http://www.nlm.nih.gov/research/umls/rxnorm,52356,http://www.whocc.no/atc,A12CC04
http://www.nlm.nih.gov/research/umls/rxnorm,52356,http://www.whocc.no/atc,B05CB03
http://www.nlm.nih.gov/research/umls/rxnorm,1156,http://www.whocc.no/atc,L01XX02
http://www.nlm.nih.gov/research/umls/rxnorm,60548,http://www.whocc.no/atc,A10BJ01
http://www.nlm.nih.gov/research/umls/rxnorm,314504,http://www.whocc.no/atc,B02BD01
http://www.nlm.nih.gov/research/umls/rxnorm,314504,http://www.whocc.no/atc,B02BD03
http://www.nlm.nih.gov/research/umls/rxnorm,11413,http://www.whocc.no/atc,J05AF01
http://www.nlm.nih.gov/research/umls/rxnorm,283809,http://www.whocc.no/atc,S01EE04
http://www.nlm.nih.gov/research/umls/rxnorm,283810,http://www.whocc.no/atc,S01EE03
http://www.nlm.nih.gov/research/umls/rxnorm,1442981,http://www.whocc.no/atc,L01EL01
http://www.nlm.nih.gov/research/umls/rxnorm,1191,http://www.whocc.no/atc,A01AD05
http://www.nlm.nih.gov/research/umls/rxnorm,1191,http://www.whocc.no/atc,B01AC06
http://www.nlm.nih.gov/research/umls/rxnorm,1191,http://www.whocc.no/atc,N02BA01
http://www.nlm.nih.gov/research/umls/rxnorm,9384,http://www.whocc.no/atc,J04AB02
http://www.nlm.nih.gov/research/umls/rxnorm,283821,http://www.whocc.no/atc,V03AF07
http://www.nlm.nih.gov/research/umls/rxnorm,1202,http://www.whocc.no/atc,C07AB03
http://www.nlm.nih.gov/research/umls/rxnorm,3254,http://www.whocc.no/atc,D07AB08
http://www.nlm.nih.gov/research/umls/rxnorm,3254,http://www.whocc.no/atc,S01BA11
http://www.nlm.nih.gov/research/umls/rxnorm,2045114,http://www.whocc.no/atc,V03AB38
http://www.nlm.nih.gov/research/umls/rxnorm,25789,http://www.whocc.no/atc,A10BB12
http://www.nlm.nih.gov/research/umls/rxnorm,283838,http://www.whocc.no/atc,B03XA02
http://www.nlm.nih.gov/research/umls/rxnorm,3264,http://www.whocc.no/atc,A01AC02
http://www.nlm.nih.gov/research/umls/rxnorm,3264,http://www.whocc.no/atc,C05AA09
http://www.nlm.nih.gov/research/umls/rxnorm,3264,http://www.whocc.no/atc,D07AB19
http://www.nlm.nih.gov/research/umls/rxnorm,3264,http://www.whocc.no/atc,D07XB05
http://www.nlm.nih.gov/research/umls/rxnorm,3264,http://www.whocc.no/atc,D10AA03
http://www.nlm.nih.gov/research/umls/rxnorm,3264,http://www.whocc.no/atc,H02AB02
http://www.nlm.nih.gov/research/umls/rxnorm,3264,http://www.whocc.no/atc,R01AD03
http://www.nlm.nih.gov/research/umls/rxnorm,3264,http://www.whocc.no/atc,S01BA01
http://www.nlm.nih.gov/research/umls/rxnorm,3264,http://www.whocc.no/atc,S01CB01
http://www.nlm.nih.gov/research/umls/rxnorm,3264,http://www.whocc.no/atc,S02BA06
http://www.nlm.nih.gov/research/umls/rxnorm,3264,http://www.whocc.no/atc,S03BA01
http://www.nlm.nih.gov/research/umls/rxnorm,40138,http://www.whocc.no/atc,B01AC11
http://www.nlm.nih.gov/research/umls/rxnorm,40144,http://www.whocc.no/atc,H03AA01
http://www.nlm.nih.gov/research/umls/rxnorm,19666,http://www.whocc.no/atc,C01DX19
http://www.nlm.nih.gov/research/umls/rxnorm,7393,http://www.whocc.no/atc,C04AC01
http://www.nlm.nih.gov/research/umls/rxnorm,7393,http://www.whocc.no/atc,C10AD02
http://www.nlm.nih.gov/research/umls/rxnorm,83171,http://www.whocc.no/atc,J05AB12
http://www.nlm.nih.gov/research/umls/rxnorm,1251,http://www.whocc.no/atc,L01BC07
http://www.nlm.nih.gov/research/umls/rxnorm,1256,http://www.whocc.no/atc,L04AX01
http://www.nlm.nih.gov/research/umls/rxnorm,72937,http://www.whocc.no/atc,N04BX01
http://www.nlm.nih.gov/research/umls/rxnorm,847083,http://www.whocc.no/atc,L04AC05
http://www.nlm.nih.gov/research/umls/rxnorm,7405,http://www.whocc.no/atc,A11HA01
http://www.nlm.nih.gov/research/umls/rxnorm,7407,http://www.whocc.no/atc,N07BA01
http://www.nlm.nih.gov/research/umls/rxnorm,1656052,http://www.whocc.no/atc,B01AC25
http://www.nlm.nih.gov/research/umls/rxnorm,7417,http://www.whocc.no/atc,C08CA05
http://www.nlm.nih.gov/research/umls/rxnorm,3322,http://www.whocc.no/atc,N05BA01
http://www.nlm.nih.gov/research/umls/rxnorm,1272,http://www.whocc.no/atc,J01DF01
http://www.nlm.nih.gov/research/umls/rxnorm,11516,http://www.whocc.no/atc,H05BX03
http://www.nlm.nih.gov/research/umls/rxnorm,253182,http://www.whocc.no/atc,A10AB01
http://www.nlm.nih.gov/research/umls/rxnorm,253182,http://www.whocc.no/atc,A10AC01
http://www.nlm.nih.gov/research/umls/rxnorm,253182,http://www.whocc.no/atc,A10AD01
http://www.nlm.nih.gov/research/umls/rxnorm,253182,http://www.whocc.no/atc,A10AE01
http://www.nlm.nih.gov/research/umls/rxnorm,253182,http://www.whocc.no/atc,A10AF01
http://www.nlm.nih.gov/research/umls/rxnorm,341248,http://www.whocc.no/atc,C10AX09
http://www.nlm.nih.gov/research/umls/rxnorm,3327,http://www.whocc.no/atc,C02DA01
http://www.nlm.nih.gov/research/umls/rxnorm,3327,http://www.whocc.no/atc,V03AH01
http://www.nlm.nih.gov/research/umls/rxnorm,7426,http://www.whocc.no/atc,C08CA06
http://www.nlm.nih.gov/research/umls/rxnorm,72962,http://www.whocc.no/atc,L01CD02
http://www.nlm.nih.gov/research/umls/rxnorm,72965,http://www.whocc.no/atc,L02BG04
http://www.nlm.nih.gov/research/umls/rxnorm,1291,http://www.whocc.no/atc,D06AX05
http://www.nlm.nih.gov/research/umls/rxnorm,1291,http://www.whocc.no/atc,J01XX10
http://www.nlm.nih.gov/research/umls/rxnorm,1291,http://www.whocc.no/atc,R02AB04
http://www.nlm.nih.gov/research/umls/rxnorm,1291,http://www.whocc.no/atc,S01AA32
http://www.nlm.nih.gov/research/umls/rxnorm,1292,http://www.whocc.no/atc,M03BX01
http://www.nlm.nih.gov/research/umls/rxnorm,134413,http://www.whocc.no/atc,C05BA04
http://www.nlm.nih.gov/research/umls/rxnorm,134413,http://www.whocc.no/atc,G04BX15
http://www.nlm.nih.gov/research/umls/rxnorm,36108,http://www.whocc.no/atc,N02BA06
http://www.nlm.nih.gov/research/umls/rxnorm,3339,http://www.whocc.no/atc,C05AD04
http://www.nlm.nih.gov/research/umls/rxnorm,3339,http://www.whocc.no/atc,D04AB02
http://www.nlm.nih.gov/research/umls/rxnorm,3339,http://www.whocc.no/atc,N01BB06
http://www.nlm.nih.gov/research/umls/rxnorm,3339,http://www.whocc.no/atc,S01HA06
http://www.nlm.nih.gov/research/umls/rxnorm,3339,http://www.whocc.no/atc,S02DA04
http://www.nlm.nih.gov/research/umls/rxnorm,658708,http://www.whocc.no/atc,B06AC03
http://www.nlm.nih.gov/research/umls/rxnorm,36118,http://www.whocc.no/atc,H05BA01
http://www.nlm.nih.gov/research/umls/rxnorm,1547545,http://www.whocc.no/atc,L01FF02
http://www.nlm.nih.gov/research/umls/rxnorm,7454,http://www.whocc.no/atc,J01XE01
http://www.nlm.nih.gov/research/umls/rxnorm,3364,http://www.whocc.no/atc,J05AF02
http://www.nlm.nih.gov/research/umls/rxnorm,15657,http://www.whocc.no/atc,L01BC08
http://www.nlm.nih.gov/research/umls/rxnorm,140587,http://www.whocc.no/atc,L01XX33
http://www.nlm.nih.gov/research/umls/rxnorm,140587,http://www.whocc.no/atc,M01AH01
http://www.nlm.nih.gov/research/umls/rxnorm,1594675,http://www.whocc.no/atc,V03AE08
http://www.nlm.nih.gov/research/umls/rxnorm,9524,http://www.whocc.no/atc,A07EC01
http://www.nlm.nih.gov/research/umls/rxnorm,214342,http://www.whocc.no/atc,V03AE07
http://www.nlm.nih.gov/research/umls/rxnorm,42316,http://www.whocc.no/atc,D11AH01
http://www.nlm.nih.gov/research/umls/rxnorm,42316,http://www.whocc.no/atc,L04AD02
http://www.nlm.nih.gov/research/umls/rxnorm,3407,http://www.whocc.no/atc,C01AA05
http://www.nlm.nih.gov/research/umls/rxnorm,34132,http://www.whocc.no/atc,L01XX24
http://www.nlm.nih.gov/research/umls/rxnorm,191831,http://www.whocc.no/atc,L04AB02
http://www.nlm.nih.gov/research/umls/rxnorm,73044,http://www.whocc.no/atc,A10BX02
http://www.nlm.nih.gov/research/umls/rxnorm,7514,http://www.whocc.no/atc,G03AC01
http://www.nlm.nih.gov/research/umls/rxnorm,7514,http://www.whocc.no/atc,G03DC02
http://www.nlm.nih.gov/research/umls/rxnorm,42331,http://www.whocc.no/atc,A02BB01
http://www.nlm.nih.gov/research/umls/rxnorm,42331,http://www.whocc.no/atc,G02AD06
http://www.nlm.nih.gov/research/umls/rxnorm,28004,http://www.whocc.no/atc,C01DA14
http://www.nlm.nih.gov/research/umls/rxnorm,460132,http://www.whocc.no/atc,J05AE10
http://www.nlm.nih.gov/research/umls/rxnorm,52582,http://www.whocc.no/atc,A07EC02
http://www.nlm.nih.gov/research/umls/rxnorm,1388,http://www.whocc.no/atc,P03AB02
http://www.nlm.nih.gov/research/umls/rxnorm,3435,http://www.whocc.no/atc,G01AC01
http://www.nlm.nih.gov/research/umls/rxnorm,5487,http://www.whocc.no/atc,C03AA03
http://www.nlm.nih.gov/research/umls/rxnorm,5492,http://www.whocc.no/atc,A01AC03
http://www.nlm.nih.gov/research/umls/rxnorm,5492,http://www.whocc.no/atc,A07EA02
http://www.nlm.nih.gov/research/umls/rxnorm,5492,http://www.whocc.no/atc,C05AA01
http://www.nlm.nih.gov/research/umls/rxnorm,5492,http://www.whocc.no/atc,D07AA02
http://www.nlm.nih.gov/research/umls/rxnorm,5492,http://www.whocc.no/atc,D07XA01
http://www.nlm.nih.gov/research/umls/rxnorm,5492,http://www.whocc.no/atc,H02AB09
http://www.nlm.nih.gov/research/umls/rxnorm,5492,http://www.whocc.no/atc,S01BA02
http://www.nlm.nih.gov/research/umls/rxnorm,5492,http://www.whocc.no/atc,S01CB03
http://www.nlm.nih.gov/research/umls/rxnorm,5492,http://www.whocc.no/atc,S02BA01
http://www.nlm.nih.gov/research/umls/rxnorm,3444,http://www.whocc.no/atc,R06AA11
http://www.nlm.nih.gov/research/umls/rxnorm,19831,http://www.whocc.no/atc,A07EA06
http://www.nlm.nih.gov/research/umls/rxnorm,19831,http://www.whocc.no/atc,D07AC09
http://www.nlm.nih.gov/research/umls/rxnorm,19831,http://www.whocc.no/atc,R01AD05
http://www.nlm.nih.gov/research/umls/rxnorm,19831,http://www.whocc.no/atc,R03BA02
http://www.nlm.nih.gov/research/umls/rxnorm,1543543,http://www.whocc.no/atc,L01XH04
http://www.nlm.nih.gov/research/umls/rxnorm,1399,http://www.whocc.no/atc,C05AD03
http://www.nlm.nih.gov/research/umls/rxnorm,1399,http://www.whocc.no/atc,D04AB04
http://www.nlm.nih.gov/research/umls/rxnorm,1399,http://www.whocc.no/atc,N01BA05
http://www.nlm.nih.gov/research/umls/rxnorm,1399,http://www.whocc.no/atc,R02AD01
http://www.nlm.nih.gov/research/umls/rxnorm,28031,http://www.whocc.no/atc,J02AC02
http://www.nlm.nih.gov/research/umls/rxnorm,480639,http://www.whocc.no/atc,A06AH02
http://www.nlm.nih.gov/research/umls/rxnorm,9601,http://www.whocc.no/atc,A04AD01
http://www.nlm.nih.gov/research/umls/rxnorm,9601,http://www.whocc.no/atc,N05CM05
http://www.nlm.nih.gov/research/umls/rxnorm,9601,http://www.whocc.no/atc,S01FA02
http://www.nlm.nih.gov/research/umls/rxnorm,3455,http://www.whocc.no/atc,G04BX13
http://www.nlm.nih.gov/research/umls/rxnorm,3455,http://www.whocc.no/atc,M02AX03
http://www.nlm.nih.gov/research/umls/rxnorm,42372,http://www.whocc.no/atc,D06AX09
http://www.nlm.nih.gov/research/umls/rxnorm,42372,http://www.whocc.no/atc,R01AX06
http://www.nlm.nih.gov/research/umls/rxnorm,1418,http://www.whocc.no/atc,D10AE01
http://www.nlm.nih.gov/research/umls/rxnorm,679314,http://www.whocc.no/atc,N05AX13
http://www.nlm.nih.gov/research/umls/rxnorm,60819,http://www.whocc.no/atc,B01AE06
http://www.nlm.nih.gov/research/umls/rxnorm,3478,http://www.whocc.no/atc,G02AD02
http://www.nlm.nih.gov/research/umls/rxnorm,253337,http://www.whocc.no/atc,L01FG01
http://www.nlm.nih.gov/research/umls/rxnorm,253337,http://www.whocc.no/atc,S01LA08
http://www.nlm.nih.gov/research/umls/rxnorm,5531,http://www.whocc.no/atc,B05AA07
http://www.nlm.nih.gov/research/umls/rxnorm,42405,http://www.whocc.no/atc,L04AG01
http://www.nlm.nih.gov/research/umls/rxnorm,9639,http://www.whocc.no/atc,N04BD01
http://www.nlm.nih.gov/research/umls/rxnorm,69036,http://www.whocc.no/atc,N03AF03
http://www.nlm.nih.gov/research/umls/rxnorm,7597,http://www.whocc.no/atc,A07AA02
http://www.nlm.nih.gov/research/umls/rxnorm,7597,http://www.whocc.no/atc,D01AA01
http://www.nlm.nih.gov/research/umls/rxnorm,7597,http://www.whocc.no/atc,G01AA01
http://www.nlm.nih.gov/research/umls/rxnorm,30125,http://www.whocc.no/atc,N06BA07
http://www.nlm.nih.gov/research/umls/rxnorm,5552,http://www.whocc.no/atc,L01XX05
http://www.nlm.nih.gov/research/umls/rxnorm,187832,http://www.whocc.no/atc,N02BF02
http://www.nlm.nih.gov/research/umls/rxnorm,3521,http://www.whocc.no/atc,B01AC07
http://www.nlm.nih.gov/research/umls/rxnorm,384455,http://www.whocc.no/atc,J01AA12
http://www.nlm.nih.gov/research/umls/rxnorm,7623,http://www.whocc.no/atc,J01MA01
http://www.nlm.nih.gov/research/umls/rxnorm,7623,http://www.whocc.no/atc,S01AE01
http://www.nlm.nih.gov/research/umls/rxnorm,7623,http://www.whocc.no/atc,S02AA16
http://www.nlm.nih.gov/research/umls/rxnorm,194000,http://www.whocc.no/atc,L01BC06
http://www.nlm.nih.gov/research/umls/rxnorm,91601,http://www.whocc.no/atc,L04AA03
http://www.nlm.nih.gov/research/umls/rxnorm,73178,http://www.whocc.no/atc,N05AX14
http://www.nlm.nih.gov/research/umls/rxnorm,7646,http://www.whocc.no/atc,A02BC01
http://www.nlm.nih.gov/research/umls/rxnorm,3554,http://www.whocc.no/atc,N07BB01
http://www.nlm.nih.gov/research/umls/rxnorm,3554,http://www.whocc.no/atc,P03AA04
http://www.nlm.nih.gov/research/umls/rxnorm,36345,http://www.whocc.no/atc,D01AE13
http://www.nlm.nih.gov/research/umls/rxnorm,38404,http://www.whocc.no/atc,N03AX11
http://www.nlm.nih.gov/research/umls/rxnorm,196102,http://www.whocc.no/atc,L04AC02
http://www.nlm.nih.gov/research/umls/rxnorm,5640,http://www.whocc.no/atc,C01EB16
http://www.nlm.nih.gov/research/umls/rxnorm,5640,http://www.whocc.no/atc,G02CC01
http://www.nlm.nih.gov/research/umls/rxnorm,5640,http://www.whocc.no/atc,M01AE01
http://www.nlm.nih.gov/research/umls/rxnorm,5640,http://www.whocc.no/atc,M02AA13
http://www.nlm.nih.gov/research/umls/rxnorm,5640,http://www.whocc.no/atc,R02AX02
http://www.nlm.nih.gov/research/umls/rxnorm,38413,http://www.whocc.no/atc,C03CA04
http://www.nlm.nih.gov/research/umls/rxnorm,253453,http://www.whocc.no/atc,L03AB10
http://www.nlm.nih.gov/research/umls/rxnorm,5657,http://www.whocc.no/atc,L01AA06
http://www.nlm.nih.gov/research/umls/rxnorm,214555,http://www.whocc.no/atc,L04AB01
http://www.nlm.nih.gov/research/umls/rxnorm,36387,http://www.whocc.no/atc,A06AB06
http://www.nlm.nih.gov/research/umls/rxnorm,38454,http://www.whocc.no/atc,C09AA10
http://www.nlm.nih.gov/research/umls/rxnorm,3638,http://www.whocc.no/atc,D04AX01
http://www.nlm.nih.gov/research/umls/rxnorm,3638,http://www.whocc.no/atc,N06AA12
http://www.nlm.nih.gov/research/umls/rxnorm,1596,http://www.whocc.no/atc,A06AB02
http://www.nlm.nih.gov/research/umls/rxnorm,1596,http://www.whocc.no/atc,A06AG02
http://www.nlm.nih.gov/research/umls/rxnorm,58939,http://www.whocc.no/atc,D03BA02
http://www.nlm.nih.gov/research/umls/rxnorm,3648,http://www.whocc.no/atc,N05AD08
http://www.nlm.nih.gov/research/umls/rxnorm,9793,http://www.whocc.no/atc,D06BA01
http://www.nlm.nih.gov/research/umls/rxnorm,9800,http://www.whocc.no/atc,V04CC03
http://www.nlm.nih.gov/research/umls/rxnorm,2055755,http://www.whocc.no/atc,J05AG06
http://www.nlm.nih.gov/research/umls/rxnorm,1721947,http://www.whocc.no/atc,L01FC01
http://www.nlm.nih.gov/research/umls/rxnorm,798304,http://www.whocc.no/atc,J07AF
http://www.nlm.nih.gov/research/umls/rxnorm,798304,http://www.whocc.no/atc,J07AF01
http://www.nlm.nih.gov/research/umls/rxnorm,798306,http://www.whocc.no/atc,J07AM01
http://www.nlm.nih.gov/research/umls/rxnorm,7779,http://www.whocc.no/atc,A14AA08
http://www.nlm.nih.gov/research/umls/rxnorm,7781,http://www.whocc.no/atc,N05BA04
http://www.nlm.nih.gov/research/umls/rxnorm,26225,http://www.whocc.no/atc,A04AA01
http://www.nlm.nih.gov/research/umls/rxnorm,56946,http://www.whocc.no/atc,L01CD01
http://www.nlm.nih.gov/research/umls/rxnorm,337523,http://www.whocc.no/atc,L01DC04
http://www.nlm.nih.gov/research/umls/rxnorm,15996,http://www.whocc.no/atc,N06AX11
http://www.nlm.nih.gov/research/umls/rxnorm,5764,http://www.whocc.no/atc,C03BA11
http://www.nlm.nih.gov/research/umls/rxnorm,1040004,http://www.whocc.no/atc,J01DI02
http://www.nlm.nih.gov/research/umls/rxnorm,9863,http://www.whocc.no/atc,A12CA01
http://www.nlm.nih.gov/research/umls/rxnorm,9863,http://www.whocc.no/atc,B05CB01
http://www.nlm.nih.gov/research/umls/rxnorm,9863,http://www.whocc.no/atc,B05XA03
http://www.nlm.nih.gov/research/umls/rxnorm,224905,http://www.whocc.no/atc,L01FD01
http://www.nlm.nih.gov/research/umls/rxnorm,7824,http://www.whocc.no/atc,H01BB02
http://www.nlm.nih.gov/research/umls/rxnorm,9873,http://www.whocc.no/atc,A01AA01
http://www.nlm.nih.gov/research/umls/rxnorm,9873,http://www.whocc.no/atc,A12CD01
http://www.nlm.nih.gov/research/umls/rxnorm,5781,http://www.whocc.no/atc,C01EB03
http://www.nlm.nih.gov/research/umls/rxnorm,5781,http://www.whocc.no/atc,M01AB01
http://www.nlm.nih.gov/research/umls/rxnorm,5781,http://www.whocc.no/atc,M02AA23
http://www.nlm.nih.gov/research/umls/rxnorm,5781,http://www.whocc.no/atc,S01BC01
http://www.nlm.nih.gov/research/umls/rxnorm,7833,http://www.whocc.no/atc,J04AA01
http://www.nlm.nih.gov/research/umls/rxnorm,9881,http://www.whocc.no/atc,D08AX07
http://www.nlm.nih.gov/research/umls/rxnorm,9894,http://www.whocc.no/atc,V03AB08
http://www.nlm.nih.gov/research/umls/rxnorm,1306284,http://www.whocc.no/atc,V03AX03
http://www.nlm.nih.gov/research/umls/rxnorm,620216,http://www.whocc.no/atc,J05AX09
http://www.nlm.nih.gov/research/umls/rxnorm,118463,http://www.whocc.no/atc,C09CA08
http://www.nlm.nih.gov/research/umls/rxnorm,327361,http://www.whocc.no/atc,L04AB04
http://www.nlm.nih.gov/research/umls/rxnorm,54987,http://www.whocc.no/atc,B05XA17
http://www.nlm.nih.gov/research/umls/rxnorm,54993,http://www.whocc.no/atc,A12BA02
http://www.nlm.nih.gov/research/umls/rxnorm,36567,http://www.whocc.no/atc,C10AA01
http://www.nlm.nih.gov/research/umls/rxnorm,337623,http://www.whocc.no/atc,R05CB13
http://www.nlm.nih.gov/research/umls/rxnorm,9945,http://www.whocc.no/atc,A06AD18
http://www.nlm.nih.gov/research/umls/rxnorm,9945,http://www.whocc.no/atc,A06AG07
http://www.nlm.nih.gov/research/umls/rxnorm,9945,http://www.whocc.no/atc,B05CX02
http://www.nlm.nih.gov/research/umls/rxnorm,9945,http://www.whocc.no/atc,V04CC01
http://www.nlm.nih.gov/research/umls/rxnorm,194279,http://www.whocc.no/atc,J06BD01
http://www.nlm.nih.gov/research/umls/rxnorm,28393,http://www.whocc.no/atc,G01AD01
http://www.nlm.nih.gov/research/umls/rxnorm,282357,http://www.whocc.no/atc,L02BA03
http://www.nlm.nih.gov/research/umls/rxnorm,1492727,http://www.whocc.no/atc,L04AA32
http://www.nlm.nih.gov/research/umls/rxnorm,5880,http://www.whocc.no/atc,L03AB05
http://www.nlm.nih.gov/research/umls/rxnorm,85762,http://www.whocc.no/atc,J05AE03
http://www.nlm.nih.gov/research/umls/rxnorm,32521,http://www.whocc.no/atc,M03AC09
http://www.nlm.nih.gov/research/umls/rxnorm,9997,http://www.whocc.no/atc,C03DA01
http://www.nlm.nih.gov/research/umls/rxnorm,276237,http://www.whocc.no/atc,J05AF09
http://www.nlm.nih.gov/research/umls/rxnorm,1808,http://www.whocc.no/atc,C03CA02
http://www.nlm.nih.gov/research/umls/rxnorm,28439,http://www.whocc.no/atc,N03AX09
http://www.nlm.nih.gov/research/umls/rxnorm,1102261,http://www.whocc.no/atc,J05AP02
http://www.nlm.nih.gov/research/umls/rxnorm,73494,http://www.whocc.no/atc,C09CA07
http://www.nlm.nih.gov/research/umls/rxnorm,1819,http://www.whocc.no/atc,N02AE01
http://www.nlm.nih.gov/research/umls/rxnorm,1819,http://www.whocc.no/atc,N07BC01
http://www.nlm.nih.gov/research/umls/rxnorm,22299,http://www.whocc.no/atc,J01XX09
http://www.nlm.nih.gov/research/umls/rxnorm,89886,http://www.whocc.no/atc,J06BB05
http://www.nlm.nih.gov/research/umls/rxnorm,120608,http://www.whocc.no/atc,L03AB11
http://www.nlm.nih.gov/research/umls/rxnorm,194337,http://www.whocc.no/atc,L01XH01
http://www.nlm.nih.gov/research/umls/rxnorm,1828,http://www.whocc.no/atc,L01AB01
http://www.nlm.nih.gov/research/umls/rxnorm,7975,http://www.whocc.no/atc,M01CC01
http://www.nlm.nih.gov/research/umls/rxnorm,1665222,http://www.whocc.no/atc,A16AX13
http://www.nlm.nih.gov/research/umls/rxnorm,114477,http://www.whocc.no/atc,N03AX14
http://www.nlm.nih.gov/research/umls/rxnorm,7982,http://www.whocc.no/atc,J01CE08
http://www.nlm.nih.gov/research/umls/rxnorm,5933,http://www.whocc.no/atc,D08AG03
http://www.nlm.nih.gov/research/umls/rxnorm,7995,http://www.whocc.no/atc,P01CX01
http://www.nlm.nih.gov/research/umls/rxnorm,36676,http://www.whocc.no/atc,B05CB04
http://www.nlm.nih.gov/research/umls/rxnorm,36676,http://www.whocc.no/atc,B05XA02
http://www.nlm.nih.gov/research/umls/rxnorm,1597258,http://www.whocc.no/atc,L01FX07
http://www.nlm.nih.gov/research/umls/rxnorm,733003,http://www.whocc.no/atc,L03AX16
http://www.nlm.nih.gov/research/umls/rxnorm,8011,http://www.whocc.no/atc,L01XX08
http://www.nlm.nih.gov/research/umls/rxnorm,8013,http://www.whocc.no/atc,C04AD03
http://www.nlm.nih.gov/research/umls/rxnorm,282446,http://www.whocc.no/atc,J02AC04
http://www.nlm.nih.gov/research/umls/rxnorm,32592,http://www.whocc.no/atc,L01XA03
http://www.nlm.nih.gov/research/umls/rxnorm,77655,http://www.whocc.no/atc,M05BA08
http://www.nlm.nih.gov/research/umls/rxnorm,2409,http://www.whocc.no/atc,C03BA04
http://www.nlm.nih.gov/research/umls/rxnorm,1886,http://www.whocc.no/atc,D11AX26
http://www.nlm.nih.gov/research/umls/rxnorm,1886,http://www.whocc.no/atc,N06BC01
http://www.nlm.nih.gov/research/umls/rxnorm,32613,http://www.whocc.no/atc,M01AE12
http://www.nlm.nih.gov/research/umls/rxnorm,1894,http://www.whocc.no/atc,A11CC04
http://www.nlm.nih.gov/research/umls/rxnorm,1894,http://www.whocc.no/atc,D05AX03
http://www.nlm.nih.gov/research/umls/rxnorm,1897,http://www.whocc.no/atc,A02AC01
http://www.nlm.nih.gov/research/umls/rxnorm,1897,http://www.whocc.no/atc,A12AA04
http://www.nlm.nih.gov/research/umls/rxnorm,83818,http://www.whocc.no/atc,C09CA04
http://www.nlm.nih.gov/research/umls/rxnorm,1901,http://www.whocc.no/atc,A12AA07
http://www.nlm.nih.gov/research/umls/rxnorm,1901,http://www.whocc.no/atc,B05XA07
http://www.nlm.nih.gov/research/umls/rxnorm,1901,http://www.whocc.no/atc,G04BA03
http://www.nlm.nih.gov/research/umls/rxnorm,32624,http://www.whocc.no/atc,N03AF02
http://www.nlm.nih.gov/research/umls/rxnorm,358257,http://www.whocc.no/atc,C03XA01
http://www.nlm.nih.gov/research/umls/rxnorm,358258,http://www.whocc.no/atc,L01XG01
http://www.nlm.nih.gov/research/umls/rxnorm,75635,http://www.whocc.no/atc,B01AC16
http://www.nlm.nih.gov/research/umls/rxnorm,1908,http://www.whocc.no/atc,A12AA03
http://www.nlm.nih.gov/research/umls/rxnorm,1908,http://www.whocc.no/atc,B05XA19
http://www.nlm.nih.gov/research/umls/rxnorm,1908,http://www.whocc.no/atc,D11AX03
http://www.nlm.nih.gov/research/umls/rxnorm,298869,http://www.whocc.no/atc,C03DA04
http://www.nlm.nih.gov/research/umls/rxnorm,1242999,http://www.whocc.no/atc,L01EK01
http://www.nlm.nih.gov/research/umls/rxnorm,712566,http://www.whocc.no/atc,L01FA02
http://www.nlm.nih.gov/research/umls/rxnorm,712566,http://www.whocc.no/atc,L04AG12
http://www.nlm.nih.gov/research/umls/rxnorm,20352,http://www.whocc.no/atc,C07AG02
http://www.nlm.nih.gov/research/umls/rxnorm,10114,http://www.whocc.no/atc,L01AD04
http://www.nlm.nih.gov/research/umls/rxnorm,358274,http://www.whocc.no/atc,C02KX02
http://www.nlm.nih.gov/research/umls/rxnorm,8076,http://www.whocc.no/atc,N05AB03
http://www.nlm.nih.gov/research/umls/rxnorm,6038,http://www.whocc.no/atc,J04AC01
http://www.nlm.nih.gov/research/umls/rxnorm,3992,http://www.whocc.no/atc,A01AD01
http://www.nlm.nih.gov/research/umls/rxnorm,3992,http://www.whocc.no/atc,B02BC09
http://www.nlm.nih.gov/research/umls/rxnorm,3992,http://www.whocc.no/atc,C01CA24
http://www.nlm.nih.gov/research/umls/rxnorm,3992,http://www.whocc.no/atc,R01AA14
http://www.nlm.nih.gov/research/umls/rxnorm,3992,http://www.whocc.no/atc,R03AA01
http://www.nlm.nih.gov/research/umls/rxnorm,3992,http://www.whocc.no/atc,S01EA01
http://www.nlm.nih.gov/research/umls/rxnorm,18330,http://www.whocc.no/atc,L01XX27
http://www.nlm.nih.gov/research/umls/rxnorm,1302966,http://www.whocc.no/atc,L01XG02
http://www.nlm.nih.gov/research/umls/rxnorm,274332,http://www.whocc.no/atc,A10BX03
http://www.nlm.nih.gov/research/umls/rxnorm,591781,http://www.whocc.no/atc,L04AJ01
http://www.nlm.nih.gov/research/umls/rxnorm,190376,http://www.whocc.no/atc,J01XX08
http://www.nlm.nih.gov/research/umls/rxnorm,6058,http://www.whocc.no/atc,C01DA08
http://www.nlm.nih.gov/research/umls/rxnorm,6058,http://www.whocc.no/atc,C05AE02
http://www.nlm.nih.gov/research/umls/rxnorm,10156,http://www.whocc.no/atc,A02BX02
http://www.nlm.nih.gov/research/umls/rxnorm,4461,http://www.whocc.no/atc,C05AA10
http://www.nlm.nih.gov/research/umls/rxnorm,4461,http://www.whocc.no/atc,D07AC04
http://www.nlm.nih.gov/research/umls/rxnorm,4461,http://www.whocc.no/atc,S01BA15
http://www.nlm.nih.gov/research/umls/rxnorm,4461,http://www.whocc.no/atc,S02BA08
http://www.nlm.nih.gov/research/umls/rxnorm,4018,http://www.whocc.no/atc,A11CC01
http://www.nlm.nih.gov/research/umls/rxnorm,1535922,http://www.whocc.no/atc,L01FG02
http://www.nlm.nih.gov/research/umls/rxnorm,996051,http://www.whocc.no/atc,L01CD04
http://www.nlm.nih.gov/research/umls/rxnorm,6069,http://www.whocc.no/atc,D11AX22
http://www.nlm.nih.gov/research/umls/rxnorm,6069,http://www.whocc.no/atc,P02CF01
http://www.nlm.nih.gov/research/umls/rxnorm,974779,http://www.whocc.no/atc,L01FA03
http://www.nlm.nih.gov/research/umls/rxnorm,10171,http://www.whocc.no/atc,J01EC02
http://www.nlm.nih.gov/research/umls/rxnorm,10180,http://www.whocc.no/atc,J01EC01
http://www.nlm.nih.gov/research/umls/rxnorm,8134,http://www.whocc.no/atc,N03AA02
http://www.nlm.nih.gov/research/umls/rxnorm,61381,http://www.whocc.no/atc,N05AH03
http://www.nlm.nih.gov/research/umls/rxnorm,1992,http://www.whocc.no/atc,M02AB01
http://www.nlm.nih.gov/research/umls/rxnorm,1992,http://www.whocc.no/atc,N01BX04
http://www.nlm.nih.gov/research/umls/rxnorm,42955,http://www.whocc.no/atc,A16AA01
http://www.nlm.nih.gov/research/umls/rxnorm,1998,http://www.whocc.no/atc,C09AA01
http://www.nlm.nih.gov/research/umls/rxnorm,2002,http://www.whocc.no/atc,N03AF01
http://www.nlm.nih.gov/research/umls/rxnorm,4053,http://www.whocc.no/atc,D10AF02
http://www.nlm.nih.gov/research/umls/rxnorm,4053,http://www.whocc.no/atc,J01FA01
http://www.nlm.nih.gov/research/umls/rxnorm,4053,http://www.whocc.no/atc,S01AA17
http://www.nlm.nih.gov/research/umls/rxnorm,83929,http://www.whocc.no/atc,B01AC13
http://www.nlm.nih.gov/research/umls/rxnorm,73689,http://www.whocc.no/atc,M04AA03
http://www.nlm.nih.gov/research/umls/rxnorm,1716191,http://www.whocc.no/atc,V03AB37
http://www.nlm.nih.gov/research/umls/rxnorm,614373,http://www.whocc.no/atc,V03AC03
http://www.nlm.nih.gov/research/umls/rxnorm,8163,http://www.whocc.no/atc,C01CA06
http://www.nlm.nih.gov/research/umls/rxnorm,8163,http://www.whocc.no/atc,C05AX06
http://www.nlm.nih.gov/research/umls/rxnorm,8163,http://www.whocc.no/atc,R01AA04
http://www.nlm.nih.gov/research/umls/rxnorm,8163,http://www.whocc.no/atc,R01AB01
http://www.nlm.nih.gov/research/umls/rxnorm,8163,http://www.whocc.no/atc,R01BA03
http://www.nlm.nih.gov/research/umls/rxnorm,8163,http://www.whocc.no/atc,S01FB01
http://www.nlm.nih.gov/research/umls/rxnorm,8163,http://www.whocc.no/atc,S01GA05
http://www.nlm.nih.gov/research/umls/rxnorm,73710,http://www.whocc.no/atc,H05BX02
http://www.nlm.nih.gov/research/umls/rxnorm,4083,http://www.whocc.no/atc,G03CA03
http://www.nlm.nih.gov/research/umls/rxnorm,10223,http://www.whocc.no/atc,D10AB02
http://www.nlm.nih.gov/research/umls/rxnorm,6135,http://www.whocc.no/atc,D01AC08
http://www.nlm.nih.gov/research/umls/rxnorm,6135,http://www.whocc.no/atc,G01AF11
http://www.nlm.nih.gov/research/umls/rxnorm,6135,http://www.whocc.no/atc,H02CA03
http://www.nlm.nih.gov/research/umls/rxnorm,6135,http://www.whocc.no/atc,J02AB02
http://www.nlm.nih.gov/research/umls/rxnorm,86009,http://www.whocc.no/atc,A10AB04
http://www.nlm.nih.gov/research/umls/rxnorm,86009,http://www.whocc.no/atc,A10AC04
http://www.nlm.nih.gov/research/umls/rxnorm,86009,http://www.whocc.no/atc,A10AD04
http://www.nlm.nih.gov/research/umls/rxnorm,10237,http://www.whocc.no/atc,M01AB02
